Pubmed Id,Tool Homepage,PublicationView_id
36996248,https://gitlab.com/nastja/nastjapy,36996248
37200395,"github.com/montilab/{shine,shine-nf,bieulergy}",37200395
36689332, https://github.com/GliomaGenomics/GBMDeconvoluteR.,36689332
37164011,https://github.com/jianhuupenn/TESLA,37164011
37414767,https://github.com/cerdem12/MOBILE,37414767
31141423,https://bcrisktool.cancer.gov/,31141423
37142594,https://github.com/jyyulab/NetBID,37142594
37495577,https://github.com/MathOnco/VALIS,37495577
36882166,https://www.ndexbio.org/index.html#/,36882166
29579153,https://bioconductor.org/packages/release/bioc/html/iterClust.html,29579153
33434495,https://bioconductor.org/packages/release/bioc/html/MOMA.html,33434495
